Code|Subcode|Description
A||Удовлетворение жизненных потребностей человека
A01||Сельское хозяйство; лесное хозяйство; животноводство; охота и отлов животных; рыболовство и рыбоводство
A01B|01|Обработка почвы в сельском и лесном хозяйствах; узлы, детали и принадлежности сельскохозяйственных машин и орудий вообще
A01C|01|Посадка; посев; удобрение
A01D|01|Уборка урожая; жатва
A01F|01|Обработка и хранение продуктов полеводства и садоводства; прессы для сена и соломы
A01G|01|Садоводство; разведение овощей, цветов, риса, фруктов, винограда, хмеля или морских водорослей; лесное хозяйство; орошение
A01H|01|Новые виды растений или способы их выращивания; разведение растений из тканевых культур
A01J|01|Производство молочных продуктов
A01K|01|Животноводство; разведение и содержание птицы, рыбы, насекомых; рыбоводство; рыболовство; выращивание или разведение новых пород животных
A01L|01|Ковка животных
A01M|01|Отлов животных и ловушки для этой цели
A01N|13|Консервирование тел людей или животных, или растений или их частей; биоциды, например дезинфектанты, пестициды, гербициды
A21||Хлебопечение; мучные изделия
A21B|02|Хлебопекарные печи; машины и прочее оборудование для хлебопечения
A21C|02|Машины и прочее оборудование для приготовления и обработки теста; транспортировка и обработка готовых мучных изделий
A21D|02|Обработка, например предохранение от порчи муки или теста, в частности, вводом добавок; способы выпечки; мучные изделия, предохранение их от порчи
A22||Скотобойное дело; переработка мяса; обработка домашней птицы или рыбы
A22B|02|Скотобойное дело
A22C|02|Переработка мяса, птицы или рыбы
A23||Пища или пищевые продукты; их обработка
A23B|02|Консервирование, например баночное, мяса, рыбы, яиц, фруктов, овощей, зерновых пищевых продуктов
A23C|02|Молочные продукты, например молоко, масло, сыр; заменители молока или сыра; их производство
A23D|02|Пищевые масла и жиры, например маргарин, шортенинг, кулинарный жир
A23F|02|Кофе, чай; их заменители; производство и обработка этих продуктов; приготовление из них напитков
A23G|02|Какао; шоколад; сахаристые кондитерские изделия; мороженое
A23J|02|Белковые составы для пищевых продуктов; обработка белков для пищевых продуктов; композиции на основе фосфатидов для пищевых продуктов
A23K|02|Корма
A23L|02|Пищевые продукты и безалкогольные напитки
A23N|02|Устройства для массовой переработки собранных плодов, овощей или цветочных луковиц
A23P|02|Формование и прочие виды обработки пищевых продуктов, полностью не отнесенные к какому-либо другому подклассу
A24||Табак, сигары, сигареты, папиросы; курительные принадлежности
A24B|02|Производство и обработка курительного, жевательного или нюхательного табака
A24C|02|Машины для изготовления сигар, сигарет и папирос
A24D|02|Сигары, сигареты и папиросы; мундштуки для них; фильтры, используемые при курении табака; изготовление таких фильтров и мундштуков
A24F|02|Курительные принадлежности; спичечные коробки
A41||Одежда
A41B|03|Нижнее белье; белье для новорожденных; носовые платки
A41C|03|Корсеты
A41D|03|Верхняя одежда; защитная одежда; принадлежности к ней
A41F|03|Застежки для одежды; подтяжки, помочи, подвязки и т.п.
A41G|03|Искусственные цветы; перья; парики; маски
A41H|03|Способы, устройства и принадлежности, используемые для изготовления одежды, например в швейном производстве, при раскрое
A42||Головные уборы
A42B|03|Шляпы, шапки; прочие головные уборы
A42C|03|Изготовление и отделка шляп, шапок и прочих головных уборов
A43||Обувное производство
A43B|03|Характерные признаки обуви; детали обуви
A43C|03|Застежки или крепления для обуви; шнурки вообще
A43D|03|Машины, инструменты, оборудование или способы изготовления или ремонта обуви
A44||Галантерея; ювелирные изделия
A44B|03|Пуговицы, булавки, пряжки, застежки с подвижным замком и т.п.
A44C|03|Ювелирные изделия, браслеты и прочие украшения; монеты
A45||Предметы личного пользования; дорожные принадлежности
A45B|03|Трости; зонты; дамские веера и т.п. опахала
A45C|03|Кошельки; дорожные сумки и корзины; чемоданы
A45D|03|Оборудование для ухода за волосами, стрижки и бритья; маникюр и прочая косметическая обработка
A45F|03|Дорожные или военно-походные принадлежности
A46||Щеточные изделия
A46B|03|Щетки и кисти
A46D|03|Щетинно-щеточное производство
A47||Мебель
A47B|03|Столы; письменные столы, конторки, парты; конторская мебель, шкафы; ящики; конструктивные элементы мебели
A47C|03|Стулья
A47D|03|Детская мебель
A47F|03|Специальная мебель и оборудование для магазинов, складов, баров, ресторанов и т.п.; стойки или прилавки для оплаты
A47G|03|Предметы домашнего обихода и столовые принадлежности
A47H|03|Занавески, драпировки и т.п. принадлежности для окон и дверей
A47J|03|Кухонное оборудование; кофейные мельницы; мельницы для пряностей; устройства для приготовления напитков
A47K|03|Санитарно-гигиеническое оборудование жилища
A47L|03|Мытье и чистка жилых помещений и предметов домашнего обихода; пылесосы общего назначения
A61||Медицина и ветеринария; гигиена
A61B|04|Диагностика; хирургия; опознание личности
A61C|04|Стоматология; гигиена полости рта и уход за зубами
A61D|04|Ветеринария
A61F|04|Фильтры, имплантируемые в кровеносные сосуды; протезы ; ортопедические устройства, устройства для ухода за больными; противозачаточные средства; компрессы и припарки; лечение или защита глаз и ушей; бандажи, перевязочные средства или впитывающие подкладки
A61G|04|Перевозка больных и приспособления для ухода за ними; операционные столы и кресла; зубоврачебные кресла; похоронные принадлежности
A61H|04|Устройства для физиотерапии, например устройства для определения местонахождения или стимулирования рефлекторных точек на поверхности тела; искусственное дыхание; массаж; устройства для купания со специальными терапевтическими или гигиеническими целями
A61J|04|Упаковки и сосуды, специально предназначенные для медицинских или фармацевтических целей; способы и устройства, специально предназначенные для придания лекарственным препаратам определенной физической или иной, удобной для употребления формы; приспособлен
A61K|05|Лекарства и медикаменты для терапевтических, стоматологических или гигиенических целей
A61L|04|Способы и устройства для стерилизации материалов и предметов вообще; дезинфекция, стерилизация или дезодорация воздуха; химические аспекты, относящиеся к бандажам, перевязочным средствам, впитывающим подкладкам, а также к хирургическим приспособлениям; ма
A61M|04|Устройства и приспособления для введения лекарств в организм или для нанесения их на кожный покров человека
A61N|04|Электротерапия; магнитотерапия; лучевая терапия; ультразвуковая терапия
A61P|04|Терапевтическая активность химических соединений или лекарственных препаратов
A62B|04|Способы и устройства для спасения жизни
A62C|04|Противопожарная техника
A62D|04|Химические средства тушения пожаров, защита от химических отравляющих веществ и борьба с ними; химические вещества для дыхательных аппаратов
A63||Спорт; игры; массовые развлечения
A63B|04|Снаряды и устройства для физических упражнений, гимнастики, плавания, альпинизма, фехтования, игры с мячами; тренировочные устройства
A63C|04|Коньки; лыжи, роликовые коньки;проектирование и планировка кортов, катков и т.п.
A63D|04|Кегли и прочие игры с шарами, например итальянская игра боккиа; кегельбаны и принадлежности к ним; бильярд
A63F|04|Карточные игры, игры на досках, игры типа рулетки; комнатные игры с небольшими движущимися игральными предметами; разные игры
A63G|04|Карусели; качели; кони-качалки; горки для катания
A63H|04|Игрушки, например волчки, куклы, обручи, строительные наборы и т.п.
A63J|04|Оборудование театров, цирков и т.п.; устройства для демонстрации фокусов и т.п.
A63K|04|Конный спорт; скачки; оборудование и принадлежности для них
B||Различные технологические процессы; транспортирование
B01||Способы и устройства общего назначения для осуществления различных физических и химических процессов
B01B|06|Способы варки; варочные аппараты
B01D|06|Разделение
B01F|06|Смешивание, например растворение, эмульгирование, диспергирование
B01J|06|Химические или физические процессы, например катализ, коллоидная химия; аппараты для их проведения
B01L|06|Оборудование общего назначения для химических или физических лабораторий
B02||Дробление или измельчение различных материалов; подготовка зерна к помолу
B02B|06|Подготовка зерна к помолу; очистка зерновых продуктов для придания им товарного вида путем обработки поверхности
B02C|06|Дробление или измельчение различных материалов; помол зерна
B03||Разделение твердых материалов при помощи жидкостей, концентрационных столов или отсадочных машин; магнитное или электростатическое отделение твердых материалов от твердых материалов или от текучей среды, разделение при помощи электрического поля, образова
B03B|06|Разделение твердых материалов при помощи жидкостей, концентрационных столов или отсадочных машин
B03C|06|Магнитное или электростатическое отделение твердых материалов от твердых материалов или от текучей среды; разделение при помощи электрического поля, образованного высоким напряжением
B03D|06|Флотация; дифференциальное или дробное осаждение
B04||Центробежные устройства для осуществления физических или химических процессов
B04B|06|Центрифуги
B04C|06|Устройства с использованием вихревых потоков, например циклоны
B05||Способы и устройства общего назначения для распыления и нанесения жидкостей на поверхность изделий
B05B|06|Распыление; пульверизация; распылительные насадки
B05C|06|Устройства общего назначения для нанесения жидких или других текучих веществ на поверхности изделий
B05D|06|Способы общего назначения для нанесения жидкостей или других текучих веществ на поверхности
B06||Способы и устройства общего назначения для получения или передачи механических колебаний
B06B|06|Получение или передача механических колебаний вообще
B07||Разделение или сортировка твердых материалов
B07B|06|Разделение или сортировка твердых материалов путем просеивания или грохочения; разделение при помощи газовых или воздушных потоков; прочие виды разделения сухими способами сыпучих материалов или штучных изделий, хранимых навалом и пригодных для сортировки
B07C|06|Сортировка почтовых отправлений и документации; сортировка штучных изделий или материалов, хранимых навалом, которые можно сортировать как отдельные предметы, например путем отбора
B08||Чистка
B08B|06|Способы и устройства общего назначения для чистки и предотвращения загрязнения
B09||Удаление и переработка твердых отходов; восстановление загрязненной почвы
B09B|06|Удаление и переработка твердых отходов
B09C|06|Восстановление загрязненной почвы
B21||Механическая обработка металлов без снятия стружки; обработка металлов давлением
B21B|07|Прокатка металла
B21C|07|Производство листового материала, проволоки, сортовой стали, труб и других профилей иначе, чем прокаткой; вспомогательные операции, применяемые при обработке металлов без снятия стружки
B21D|07|Механическая обработка давлением листового, сортового, профильного материала или труб; перфорация
B21F|07|Обработка проволоки и изготовление изделий из нее
B21G|07|Изготовление булавок, игл или гвоздей
B21H|07|Производство специальных изделий прокаткой или накаткой, например винтов, колес, колец, цилиндров, шаров
B21J|07|Ковка; штамповка; прессование; клепка; кузнечные горны
B21K|07|Изготовление изделий ковкой или штамповкой, например подков, заклепок, болтов, колес
B21L|07|Изготовление цепей
B22||Литейное производство; порошковая металлургия
B22C|07|Изготовление литейных форм
B22D|07|Литье металлов и прочих материалов
B22F|07|Порошковая металлургия; производство изделий из металлических порошков; изготовление металлических порошков
B23||Металлорежущие станки; способы и устройства для обработки металлов
B23B|07|Токарная обработка; сверление
B23C|07|Фрезерование
B23D|07|Строгание; долбление; резка; развертка; протяжка; прошивка, распиловка; опиловка; шабрение; подобные операции по обработке металла со снятием стружки
B23F|07|Изготовление зубчатых колес и реек
B23G|07|Нарезание резьбы; обработка винтов, болтов или гаек в сочетании с нарезанием резьбы
B23H|07|Обработка металла воздействием электрического тока высокой плотности на заготовку с использованием электрода, который является инструментом; указанная обработка, комбинированная с другими видами металлообработки
B23K|07|Пайка или распаивание; сварка; плакирование или нанесение покрытий пайкой или сваркой; резка путем местного нагрева, например газопламенная резка; обработка металла лазерным лучом
B23P|07|Прочие способы обработки; комбинированные способы обработки; универсальные станки
B23Q|07|Детали, узлы и вспомогательные устройства для металлообрабатывающих станков, например устройства для копирования или управления
B24||Шлифование; полирование
B24B|08|Станки, устройства или способы для шлифования или полирования
B24C|08|Пескоструйная обработка
B24D|08|Инструменты для шлифования, полирования или заточки
B25||Ручные инструменты; переносные инструменты с силовым приводом; рукоятки для ручных инструментов; слесарные приспособления; манипуляторы
A62||Спасательная служба; противопожарные средства
B25B|08|Инструменты для закрепления, соединения, разъединения или поддерживания
B25C|08|Ручные инструменты и устройства для забивания гвоздей или для скрепления скобами; переносные инструменты и устройства для скрепления скобами, приводимые в действие мускульной силой оператора
B25D|08|Ударные инструменты и устройства
B25F|08|Комбинированные или универсальные инструменты
B25G|08|Ручки для инструментов
B25H|08|Цеховое вспомогательное оборудование, например для маркировки изделий; устройства для хранения инструментов или деталей в цехах, мастерских и т.п.
B25J|08|Манипуляторы; камеры, оборудованные манипуляторами
B26||Ручные режущие инструменты; резка; разделение
B26B|08|Ручные переносные режущие инструменты
B26D|08|Резка; конструктивные элементы общего применения к устройствам для разделения, например резкой, перфорированием, пробивкой, вырубкой
B26F|08|Перфорирование; пробивка; вырезка; вырубка; разделение материалов без резания
B27||Обработка и консервирование древесины и подобных материалов; машины для скрепления гвоздями или скобами
B27B|08|Пилы; конструктивные элементы или приспособления для них
B27C|08|Станки по дереву для токарной обработки, строгания, сверления и фрезерования; универсальные станки
B27D|08|Переработка шпона и изготовление клееной фанеры однослойной или многослойной
B27F|08|Шиповые и шпунтовые соединения; шипорезные станки; долбежные станки; гвоздезабивные станки и станки для скрепления скобами
B27G|08|Вспомогательные устройства; инструменты; предохранительные устройства, например для пил
B27H|08|Гнутье древесины; бочарное и колесное производство
B27J|08|Механическая обработка камыша, тростника, пробки и т.п. материалов
B27K|08|Способы, устройства и выбор веществ для пропитки, морения, окрашивания, отбеливания древесины или подобных материалов или пропитка древесины или подобных материалов жидкостями
B27L|08|Окорка древесины или удаление остатков ветвей
B27M|08|Обработка древесины
B27N|08|Производство сухими способами изделий из древесных частиц или волокон или других лигноцеллюлозных или подобных органических материалов с органическими связующими веществами или без них
B28||Обработка цемента, глины и камня
B28B|08|Формование изделий из глины и прочих керамических материалов, из шлака или смесей, содержащих вяжущие вещества, например гипсовые
B28C|08|Подготовка глины; приготовление смесей, содержащих глину или вяжущие, например гипсовые
B28D|08|Обработка камня и т.п. материалов
B29||Обработка пластиков; обработка веществ в пластическом состоянии вообще
B29B|08|Подготовка или предварительная обработка материалов перед формованием; производство гранул или заготовок; регенерация пластиков или других составляющих использованных материалов, содержащих пластики
B29C|08|Формование или соединение пластиков; формование веществ в пластическом состоянии вообще; последующая обработка формованных изделий, например ремонт
B29D|08|Изготовление особых изделий из пластиков или веществ, находящихся в пластическом состоянии
B29L|08|Схема кодирования особых изделий, относящаяся к подклассу В29С
B30||Прессы
B30B|08|Прессы общего назначения
B31||Изготовление картонажных изделий; механическая обработка бумаги и картона
B31B|19|Изготовление картонажных изделий - коробок, пакетов, мешков и т.п. упаковочной тары
B31C|19|Изготовление бумажных изделий, например трубчатых, путем навивания
B31D|19|Изготовление прочих бумажных изделий
B31F|19|Механическая обработка бумаги и картона
B32||Слоистые изделия или материалы
B32B|08|Слоистые изделия или материалы, состоящие из плоских или объемных слоев, например из слоев ячеистой или сотовой структуры
B41||Печатное оборудование; линовальные машины; пишущие машины; штемпели
B41B|09|Устройства для изготовления, набора, разбора и распределения шрифта; шрифт; фотографические или фотоэлектронные наборные устройства
B41C|09|Способы изготовления или репродукции печатных форм
B41D|09|Устройства для механической репродукции форм высокой печати
B41F|09|Печатные машины
B41J|09|Пишущие машины; прочие устройства, печатающие последовательно отдельными знаками или буквами, т.е. без использования печатной формы; исправление типографских ошибок
B41K|09|Штемпели; устройства для штемпелевания или нумерации
B41L|09|Устройства для размножения, копирования или печатания, используемые в делопроизводстве; адресовальные или подобные им конторские машины для печатания
B41M|09|Способы печатания, размножения, копирования и маркирования; многокрасочная печать
B41N|09|Печатные формы или печатная фольга
B42||Брошюровочно-переплетное производство; альбомы; средства классификации и хранения документов и т.п.; специальные виды печатной продукции
B42B|09|Способы и устройства для брошюрования
B42C|09|Переплетение книг
B42D|09|Книги, газеты и подобные материалы; книжные переплеты; несброшюрованные листы; печатные материалы специального формата или назначения, не предусмотренные в других подклассах; устройства для чтения или письма при помощи движущейся ленты
B42F|09|Разъемно скрепляемые между собой листы; средства для подшивки документов; картотеки; индексирование
B43||Письменные, чертежные и канцелярские принадлежности
B43K|09|Письменные и чертежные принадлежности
B43L|09|Классные, грифельные и чертежные доски; чертежные приборы; вспомогательные принадлежности для письма и черчения
B43M|09|Канцелярские принадлежности, не отнесенные к другим подклассам
B44||Декоративное искусство
B44B|09|Устройства и инструменты для выполнения художественных работ, например для ваяния, резьбы по дереву, выжигания, инкрустирования, гильоширования и т.п.
B44C|09|Получение декоративного эффекта
B44D|09|Окрашивание или художественное разрисовывание, не предусмотренные другими рубриками; предохранение картин от порчи; обработка поверхности с целью художественного украшения или очистки
B44F|09|Особые узоры или рисунки
B60||Транспортные средства
B60B|10|Колеса транспортных средств; ролики; оси; способы и средства для увеличения силы сцепления колес с поверхностью дороги
B60C|10|Шины
B60D|10|Сцепные устройства для транспортных средств
B60F|10|Транспортные средства, приспособленные для передвижения как по рельсам, так и дорогам; амфибии и т.п. транспортные средства; преобразуемые транспортные средства
B60G|10|Подвесные устройства транспортных средств
B60H|10|Установка или размещение отопительных, холодильных, вентиляционных и прочих устройств для обработки воздуха в пассажирских или грузовых помещениях транспортных средств
B60J|10|Окна, ветровые стекла, раздвижные или съемные крыши, двери и подобные устройства для транспортных средств; защитные чехлы для временно неэксплуатируемых транспортных средств
B60L|10|Электрооборудование транспортных средств с электротягой; магнитные подвески или левитационные устройства для транспортных средств; электродинамические тормозные системы для транспортных средств вообще
B60K|10|Расположение или монтаж силовых установок и трансмиссий транспортных средств; расположение или монтаж нескольких различных первичных двигателей; вспомогательные приводы; контрольно-измерительные приборы и панели управления; комбинированные средства управл
B60M|10|Линии энергоснабжения и устройства, расположенные вдоль железнодорожного полотна для транспортных средств с электротягой
B60N|10|Средства повышения комфортабельности для пассажирских транспортных средств
B60P|10|Транспортные средства, приспособленные для грузовых перевозок или транспортировки, перевозки и размещения обычных или специальных грузов или изделий
B60Q|10|Освещение и сигнализация на транспортных средствах
B60R|10|Транспортные средства, оборудование или конструктивные элементы транспортных средств
B60S|10|Способы и устройства для технического обслуживания, чистки, ремонта, подъема или перемещения транспортных средств
B60T|10|Системы управления тормозами транспортных средств и их элементы; системы управления тормозами общего назначения и их элементы
B60V|10|Транспортные средства на воздушной подушке
B61||Рельсовые транспортные средства
B61B|10|Системы железных дорог; оборудование для них
B61C|10|Локомотивы; моторные вагоны
B61D|10|Железнодорожные вагоны, платформы и т.п.; конструктивные элементы кузовов подвижного состава
B61F|10|Подвески, рамы, поворотные тележки вагонов, устройства колесных осей; транспортные средства для передвижения по дорогам с различной шириной колеи; устройства для предотвращения схода с рельсов; предохранительные устройства, улавливающие или удаляющие преп
B61G|10|Сцепные, тяговые и буферные устройства
B61H|10|Тормоза и прочие устройства для замедления движения рельсовых транспортных средств; устройство и расположение их на подвижном составе
B61J|10|Средства маневрирования подвижным составом; перемещение транспортных средств вообще
B61K|10|Вспомогательное железнодорожное оборудование
B61L|10|Организация и управление движением на железных дорогах; средства техники безопасности на железнодорожном транспорте
B62||Безрельсовые наземные транспортные средства
B62B|10|Транспортные средства, приводимые в движение вручную , например тележки, детские коляски; сани
B62C|10|Гужевые транспортные средства
B62D|10|Самоходные транспортные средства; прицепы
B62H|10|Опорные устройства и стойки для стоянки и хранения велосипедов, мотоциклов и т.п.; средства, предотвращающие пользование велосипедами, мотоциклами и т.п. посторонними лицами или сигнализирующие об этом; встроенные замки; устройства для обучения езде на ве
B62J|10|Седла или сиденья велосипедов, мотоциклов и т.п.; прочие вспомогательные устройства для велосипедов, мотоциклов и т.п.
B62K|10|Велосипеды, мотоциклы и т.п., их конструктивные элементы; прицепные коляски
B62L|10|Тормоза для велосипедов, мотоциклов и т.п.
B62M|10|Устройства для приведения в действие колесных транспортных средств или саней мускульной силой человека; трансмиссии для них
B63||Суда и прочие плавучие средства; оборудование для них
B63B|10|Суда и прочие плавучие средства; оборудование для судов
B63C|10|Оснащение стапелей и доков; постановка и вывод судов из доков и слипов; спасательные средства на воде; водолазное оборудование; устройства для спасения и обнаружения объектов, находящихся под водой
B63G|10|Судовые средства нападения или защиты; постановка минных заграждений; траление мин; подводные лодки; авианосцы
B63H|10|Судовые движители и управление судами
B63J|10|Вспомогательное судовое оборудование
B64||Воздухоплавание; авиация; космонавтика
B64B|10|Летательные аппараты легче воздуха
B64C|10|Летательные аппараты тяжелее воздуха
B64D|10|Оборудование летательных аппаратов; летные костюмы; парашюты; монтаж и размещение силовых установок и систем передачи энергии от двигателя
B64F|10|Самолетное оборудование на аэродромах или палубах авианосцев
B64G|10|Космонавтика; космические корабли и их оборудование
B65||Транспортировка, упаковка и хранение грузов или материалов, в том числе тонких и нитевидных
B65B|11|Способы и устройства для упаковки и распаковки изделий или материалов
B65C|11|Способы и устройства для этикетирования или прикрепления ярлыков
B65D|11|Тара для хранения или транспортировки изделий и материалов, например мешки, бочки, бутылки, ящики, жестяные банки, коробки, корзины, стеклянные сосуды, баки и бункера, контейнеры; принадлежности, затворы, арматура к ним; упаковочные элементы ; упаковки
B65F|11|Сбор и удаление домашних отбросов и прочего мусора
B65G|11|Устройства для хранения или транспортировки, например конвейеры, конвейерные системы для магазинов, цехов и т.п.; пневматические трубчатые конвейеры
B65H|11|Способы и устройства для манипулирования тонкими гибкими изделиями или материалами, например листами, лентами, канатами, нитями, рулонными материалами и т.п.
B66||Подъемные устройства
B66B|11|Подъемники; эскалаторы или движущиеся дорожки
B66C|11|Подъемные краны; грузоподъемные элементы, используемые в кранах, кабестанах, лебедках и т.п.
B66D|11|Кабестаны, лебедки, тали, полиспасты и т.п.
B66F|11|Способы и устройства для подъема, перемещения или толкания грузов
B67||Открывание или закрывание бутылок, стеклянных банок или подобных сосудов; операции, выполняемые с жидкостью
B67B|11|Способы и устройства для крепления затворных элементов к бутылкам, стеклянным банкам и подобным сосудам; открывание закрытых сосудов
B67C|11|Способы и устройства для наполнения жидкими или полужидкими продуктами или опорожнения бутылок, банок, кувшинов, бочек или подобных сосудов
B67D|11|Устройства для разлива, отпуска или переливания жидкостей
B68||Шорно-седельное производство; обивка мебели
B68B|11|Упряжь и ее принадлежности; кнуты и т.п.
B68C|11|Седла; стремена
B68F|11|Производство изделий из кожи, парусины и т.п. материалов
B68G|11|Способы и устройства, используемые при обивке мебели; работы по обивке мебели
B81||Микроструктурные технологии
B81B|06|Микроструктурные устройства или системы, например микромеханические устройства
B81C|06|Способы или устройства, специально предназначенные для изготовления или обработки микроструктурных устройств или систем
B82||Нанотехнология
B82B|06|Наноструктуры; их изготовление или обработка
C||Химия; металлургия
C01||Неорганическая химия
C01B|12|Неметаллические элементы; их соединения
C01C|12|Аммиак, циан и их соединения
C01D|12|Соединения щелочных металлов, т.е. лития, натрия, калия, рубидия, цезия или франция
C01F|12|Соединения бериллия, магния, алюминия, кальция, стронция, бария, радия, тория или редкоземельных металлов
C01G|12|Соединения металлов
C02||Обработка воды, промышленных и бытовых сточных вод или отстоя сточных вод
C02F|12|Обработка воды, промышленных и бытовых сточных вод или отстоя сточных вод
C03||Стекло; минеральная и шлаковая вата
C03B|12|Изготовление, формование и последующая обработка
C03C|12|Химический состав стекла, глазурей или эмалей; обработка поверхности стекла; обработка поверхности волокон или нитей из стекла, минералов или шлака; соединение стекла со стеклом или с другими материалами
C04||Цементы; бетон; искусственные камни; керамика; огнеупоры
C04B|12|Известь; магнезия; шлак; цементы; их составы, например строительные растворы, бетон или аналогичные строительные материалы; искусственные камни; керамика
C05||Удобрения; их производство
C05B|12|Фосфорные удобрения
C05C|12|Азотные удобрения
C05D|12|Минеральные удобрения
C05F|12|Органические удобрения
C05G|12|Смеси удобрений, относящихся к разным подклассам класса •C 05·, смеси одного или нескольких удобрений с веществами, не являющимися удобрениями, например пестицидами, веществами, регулирующими почвенный режим, смачивающими реагентами
C06||Взрывчатые вещества; спички
C06B|25|Взрывчатые или термические составы
C06C|25|Детонирующие или воспламенительные устройства; огнепроводные шнуры
C06D|25|Средства для образования дымовых завес или искусственного тумана; боевые отравляющие вещества; получение газа для взрывных целей или создания тяги
C06F|25|Спички; производство спичек
C07||Органическая химия
C07B|13|Общие способы органической химии; устройства для их проведения
C07C|13|Ациклические и карбоциклические соединения
C07D|13|Гетероциклические соединения
C07F|13|Ациклические, карбоциклические или гетероциклические соединения, содержащие прочие элементы, кроме углерода, водорода, галогенов, кислорода, азота, серы, селена или теллура, в сочетании с перечисленными или без них
C07G|13|Соединения неизвестного строения
C07H|13|Сахара; производные сахаров; нуклеозиды; нуклеотиды; нуклеиновые кислоты
C07J|13|Стероиды
C07K|13|Пептиды
C07M|13|Схема кодирования для подклассов С 07В-С 07К,относящихся к специфическим свойствам органических соединений
C08||Органические высокомолекулярные соединения; их получение или химическая обработка; композиции на основе этих соединений
C08B|14|Полисахариды; их производные
C08C|14|Обработка или химическая модификация каучуков
C08F|14|Высокомолекулярные соединения, получаемые реакциями с участием только ненасыщенных углерод-углеродных связей
C08G|14|Высокомолекулярные соединения, получаемые иначе, чем реакциями с участием только ненасыщенных углерод-углеродных связей
C08H|14|Производные природных высокомолекулярных соединений
C08J|14|Переработка; общие способы приготовления композиций; последующая обработка
C08K|14|Использование неорганических или низкомолекулярных органических веществ в качестве компонентов для композиций на основе высокомолекулярных соединений
C08L|14|Композиции высокомолекулярных соединений
C09||Красители; краски; полировальные составы; природные смолы; клеящие вещества; различные вещества и составы; различное использование веществ и составов
C09B|15|Органические красители и родственные соединения для получения красителей; протравы; лаки
C09C|15|Обработка неорганических неволокнистых материалов с целью усиления их пигментирующих или наполняющих свойств
C09D|15|Составы для нанесения покрытий, например краски, масляные или спиртовые лаки; заполняющие пасты; чернила; химические средства для удаления краски или чернил; корректирующие жидкости; средства для морения древесины; пасты или твердые вещества для окрашиван
C09F|15|Природные смолы; политура; высыхающие масла; сиккативы; скипидар
C09G|15|Полировальные составы, кроме политуры; лыжные мази
C09H|15|Производство клея животного происхождения или желатины
C09J|15|Клеящие вещества; способы склеивания вообще
C09K|15|Материалы для различного использования
C10||Нефтяная, газовая и коксохимическая промышленность; технические газы, содержащие оксид углерода; топливо; смазочные материалы; торф
C10B|15|Деструктивная перегонка углеродсодержащих материалов с целью получения газа, кокса, дегтя и подобных продуктов
C10C|15|Переработка дегтя, пека, асфальта, битума; древесный уксус
C10F|15|Сушка и переработка торфа
C10G|15|Крекинг углеводородных масел; производство жидких углеводородных смесей, например путем деструктивной гидрогенизации, олигомеризации, полимеризации
C10H|15|Производство ацетилена мокрыми способами
C10J|15|Производство генераторного газа, водяного газа, синтез-газа или смесей, содержащих эти газы, из твердых углеродсодержащих веществ
C10K|15|Очистка или модификация химического состава горючих газов, содержащих оксид углерода
C10L|15|Виды топлива
C10M|15|Составы смазочных материалов
C10N|15|Схема кодирования для подкласса С10М
C11||Животные и растительные масла; жиры, жировые вещества и воски, получаемые из них жирные кислоты; моющие средства; свечи
C11B|15|Производство
C11C|15|Получение жирных кислот из жиров, масел или восков; свечи; химическая модификация жиров, масел и жирных кислот и продукты, получаемые при этом
C11D|15|Составы моющих средств
C12||Биохимия; пиво; алкогольные напитки; вино; уксус; микробиология; энзимология; получение мутаций; генная инженерия
C12C|16|Пивоварение
C12F|16|Извлечение побочных продуктов сброженных растворов, денатурирование спирта и денатурированный спирт
C12G|16|Вина; прочие алкогольные напитки; их производство
C12H|16|Пастеризация; стерилизация; консервирование; очистка; осветление; старение алкогольных напитков или удаление из них спирта
C12J|16|Уксус и его производство
C12L|16|Машины для осмолки и очистки бочек от смолы; вспомогательные устройства для винных погребов
C12M|16|Устройства для работы с ферментами или микроорганизмами
C12N|16|Микроорганизмы или ферменты; их композиции
C12P|16|Бродильные или ферментативные способы синтеза химических соединений или композиций или разделение рацемической смеси на оптические изомеры
C12Q|16|Способы измерения или испытания, использующие ферменты или микроорганизмы
C12R|16|Схема кодирования для подклассов С12С - С12Q, относящаяся к микроорганизмам
C12S|16|Способы с использованием ферментов или микроорганизмов для выделения, разделения или очистки предварительно полученного соединения или состава
C13||Производство сахара
C13C|16|Резальные машины; диффузионные ножи; прессы для жома
C13D|16|Извлечение и очистка сахарных соков
C13F|16|Получение и обработка сахара-сырца, сахара и сиропа
C13H|16|Машины для распиловки и колки сахара; комбинированные машины для распиливания, колки, сортировки и упаковки готовой продукции
C13J|16|Экстракция сахара из мелассы
C13K|16|Глюкоза; инвертный сахар; лактоза; мальтоза; синтез сахаров путем гидролиза ди- или полисахаридов
C14||Голье; шкуры; шкурки; кожи
C14B|16|Механическая обработка и технология выделки голья, шкур и кож вообще; стригальные машины для меха; машины для двоения и разрезания кишок
C14C|16|Химическая обработка голья, шкур или кож, например дубление, пропитка, отделка; составы для дубления
C21||Металлургия железа
C21B|17|Производство железа, чугуна или стали
C21C|17|Переработка чугуна, например рафинирование, получение сварочного железа и стали
C21D|17|Изменение физической структуры черных металлов; устройства общего назначения для термообработки черных или цветных металлов или сплавов; придание ковкости металлам путем обезуглероживания, отпуска или других видов обработки
C22||Металлургия
C22B|17|Получение или рафинирование металлов
C22C|17|Сплавы
C22F|17|Изменение физической структуры цветных металлов или их сплавов
C23||Покрытие металлических материалов; покрытие других материалов металлическим материалом
C23C|17|Покрытие металлического материала; покрытие других материалов металлическим материалом; поверхностная обработка металлического материала диффузией в поверхность путем химического превращения или замещения; способы покрытия вакуумным испарением, распыление
C23D|17|Эмалирование металлов и нанесение стекловидных покрытий на металлы
C23F|17|Немеханическое удаление металлического материала с поверхности
C23G|17|Очистка или обезжиривание металлических материалов химическими способами, кроме электролитических
C25||Электролитические способы; электрофорез; устройства для них
C25B|17|Получение соединений или неметаллов электролитическими способами или способом электрофореза; устройства для них
C25C|17|Получение, регенерация или рафинирование металлов электролитическим способом; устройства для этих целей
C25D|17|Нанесение покрытий электролитическим способом или способом электрофореза; гальванопластика
C25F|17|Электролитические способы удаления примесей из изделий; устройства для них.
C30||Выращивание кристаллов
C30B|17|Выращивание монокристаллов
D||Текстиль; бумага
D01||Натуральные и химические нити и волокна; прядение
D01B|18|Механическая обработка натурального волокнистого материала с целью получения волокон, например для прядения
D01C|18|Химическая обработка натурального волокна или волокнистого материала с целью получения волокон для прядения; карбонизации ветоши с целью регенерации волокон животного происхождения
D01D|18|Способы и устройства для производства химических нитей, мононитей, волокон, щетины и лент
D01F|18|Способы производства химических волокон, нитей, щетины и лент; устройства, специально предназначенные для производства углеродных волокон
D01G|18|Предварительная обработка волокон, например для прядения
D01H|18|Прядение и кручение
D02||Пряжа; окончательная обработка пряжи или нитей механическими средствами; снование
D02G|18|Изготовление извитых волокон, мононитей, нитей и пряжи; прочие нити и пряжа
D02H|18|Сновка, навивка, проборка
D02J|18|Аппретирование или отделка пряжи, нитей, шнуров, канатов и т.п.
D03||Ткачество
D03C|18|Устройства для образования зева; жаккардовые карты и цепи; насекание карт; изготовление патронов
D03D|18|Тканые изделия; способы ткачества; ткацкие станки
D03J|18|Вспомогательные устройства для ткацкого производства; ткацкие инструменты и приборы; челноки
D04||Плетение; изготовление кружев; трикотажно-вязальное производство; басонные изделия; нетканые материалы
D04B|18|Трикотажно-вязальное производство
D04C|18|Производство плетеных изделий и кружев, например изготовление кружев способом вытравливания основы; плетельные машины; плетеные изделия и кружева
D04D|18|Басонные изделия; ленты, шнуры, тесьма
D04G|18|Изготовление сетей путем вязания крученых нитей из текстильных натуральных или синтетических волокон; изготовление ковров и гобеленов путем вязания узлов; способы вязания узлов, не предусмотренные в других подклассах
D04H|18|Изготовление текстильных изделий, например из волокнистого материала или мононитей
D05||Шитье; вышивание; производство прошивных изделий
D05B|18|Шитье
D05C|18|Вышивание, производство прошивных изделий
D06||Обработка текстильных изделий; стирка; эластичные материалы
D06B|18|Обработка текстильных материалов жидкостью, газом или паром
D06C|18|Аппретирование, лощение, ширение, распределение и другие способы отделки текстильных изделий
D06F|18|Стирка; сушка; глажение; прессование или складывание текстильных изделий
D06G|18|Механическая чистка ковров, пледов, пальто, шкур и других изделий текстильного и кожевенного производства; выворачивание эластичных трубчатых или других полых изделий
D06H|18|Маркировка, осмотр, сшивание или разрезание текстильных материалов
D06J|18|Изготовление плиссе, гофре, рюшей на текстильных тканях или на одежде (гофрирование, фальцевание и другие способы деформации бумаги или материала, изготовленного способом, аналогичным способу изготовления бумаги •B 31 F·; в процессе ткачества •D 03 D·; в
D06L|18|Отбеливание, например оптическое; сухая чистка и промывка волокон, нитей, пряжи, тканей, перьев и прочих волокнистых материалов; отбеливание кожи и меха
D06M|18|Обработка нитей, пряжи, тканей, пера или волокнистых изделий, изготовленных из этих материалов, не предусмотренная другими подклассами класса •D 06·
D06N|18|Материалы для покрытия стен, полов и т.п., например линолеум, клеенка, искусственная кожа, кровельные материалы, состоящие из волокнистой основы, покрытой слоем высокомолекулярного вещества; эластичные листовые материалы
D06P|18|Крашение или печатание текстильных материалов; крашение кожи, меха и прочих высокомолекулярных веществ в любом виде
D06Q|18|Декорирование текстильных изделий
D07||Канаты, тросы или кабели, за исключением электрических
D07B|18|Канаты или кабели общего назначения
D21||Производство бумаги; производство целлюлозы
D21B|19|Волокнистое сырье и его механическая обработка
D21C|19|Производство целлюлозы путем удаления нецеллюлозных веществ из содержащих целлюлозу материалов; регенерация варочной жидкости; устройства для этих целей
D21D|19|Обработка материалов перед поступлением на бумагоделательную машину
D21F|19|Бумагоделательные машины; способы производства бумаги на них
D21G|19|Каландры; принадлежности бумагоделательных машин
D21H|19|Составы исходной массы; их приготовление
D21J|19|Фибровый картон; производство изделий из суспензий целлюлозного волокна или из папье-маше
E||Строительство; горное дело
E01||Дорожное строительство; строительство железных дорог и мостов
E01B|20|Верхнее строение пути; способы и устройства для укладки и ремонта рельсовых путей всех типов
E01C|20|Строительство дорог, дорожных покрытий, спортивных площадок и т.п.; машины и вспомогательное оборудование для строительства и ремонта
E01D|20|Мосты
E01F|20|Дополнительные строительные работы, например обустройство дорог, строительство платформ, посадочных площадок для вертолетов, перронов, установка дорожных знаков, снегозащитных ограждений и т.п.
E01H|20|Очистка дорог, улиц; очистка железнодорожного полотна; очистка побережий; очистка территорий; рассеивание тумана вообще
E02||Гидротехнические сооружения; основания и фундаменты; перемещение грунта
E02B|20|Гидротехнические сооружения
E02C|20|Судоподъемные сооружения и устройства
E02D|20|Основания и фундаменты; котлованы; насыпи
E02F|20|Экскавация и перемещение грунта
E03||Водоснабжение; канализация
E03B|20|Способы и установки для добывания, хранения или распределения воды
E03C|20|Водопроводно-канализационные установки для свежей или сточной воды
E03D|20|Промывные уборные или писсуары с промывными и дезинфицирующими устройствами; клапаны для них
E03F|20|Канализационные системы; сточные колодцы
E04||Наземное строительство
E04B|20|Строительные конструкции в целом; стены, например перегородки; крыши; перекрытия; изоляция и прочие средства и способы защиты строительных конструкций и сооружений
E04C|20|Элементы строительных конструкций; строительные материалы
E04D|20|Кровли; слуховые окна
E04F|20|Оборудование и отделка зданий, например лестничных маршей, этажей
E04G|20|Строительные леса; опалубка; рабочие инструменты и прочие вспомогательные устройства для производства строительных работ; изготовление или обработка строительных материалов на строительной площадке; работы, связанные с эксплуатацией, ремонтом, сносом и т.
E04H|20|Здания и подобные сооружения специального назначения; плавательные и мелкие ванны или бассейны; мачты; ограды; палатки, тенты или навесы вообще
E05||Замки; ключи; гарнитура для окон, дверей и прочих створок; сейфы
E05B|20|Замки; вспомогательные приспособления и принадлежности к ним; наручники
E05C|20|Засовы и прочие запирающие устройства для створок, преимущественно для дверей или окон
E05D|20|Петли и другие устройства для навешивания дверей, окон или створок
E05F|20|Устройства для закрывания и открывания окон и дверей; гарнитура для окон, дверей и прочих створок
E05G|20|Сейфы или несгораемые шкафы для хранения ценностей; защитные устройства банков; предохранительные перегородки для проведения деловых операций
E06||Двери, окна, ставни, жалюзи вообще; лестницы
E06B|20|Закрепленные неподвижно или подвижные элементы для закрывания проемов в зданиях, транспортных средствах, ограждениях или т.п. устройствах, например двери, окна, жалюзи, калитки
E06C|20|Лестницы
E21||Бурение; горное дело
E21B|21|Бурение, например глубокое бурение
E21C|21|Эксплуатация шахт и карьеров
E21D|21|Шахтные стволы; туннели; выработки; подземные камеры большого объема
E21F|21|Средства техники безопасности; транспорт; закладка выработанного пространства; оборудование для спасательных работ; вентиляция или дренаж рудников или туннелей
F||Механика; освещение; отопление; двигатели и насосы; оружие и боеприпасы; взрывные работы
F01||Машины или двигатели вообще
F01B|22|Машины или двигатели вообще; машины или двигатели объемного вытеснения, например паровые машины
F01C|22|Роторные машины или двигатели; машины или двигатели с колебательным движением рабочих органов
F01D|22|Машины и двигатели необъемного вытеснения, например паровые турбины
F01K|22|Паросиловые установки; аккумуляторы пара; силовые установки с двигателями
F01L|22|Распределительные механизмы для машин или двигателей
F01M|22|Смазка машин и двигателей; смазка двигателей внутреннего сгорания; продувка картера
F01N|22|Глушители выхлопа или выхлопные устройства для машин или двигателей вообще; глушители выхлопа или выхлопные устройства для двигателей внутреннего сгорания
F01P|22|Охлаждение машин или двигателей вообще; охлаждение двигателей внутреннего сгорания
F02||Двигатели внутреннего сгорания
F02B|22|Поршневые двигатели внутреннего сгорания; двигатели внутреннего сгорания вообще
F02C|22|Газотурбинные установки; воздухозаборники реактивных двигательных установок; управление подачей топлива в воздушно-реактивных двигательных установках
F02D|22|Управление или регулирование двигателей внутреннего сгорания
F02F|22|Цилиндры, поршни, корпуса или кожухи цилиндров; устройство уплотнений в двигателях внутреннего сгорания
F02G|22|Силовые установки и двигатели объемного вытеснения, работающие на горячих газах или продуктах сгорания
F02K|22|Реактивные двигательные установки
F02M|22|Системы подачи топлива или горючей смеси для двигателей внутреннего сгорания и составные части этих систем
F02N|22|Запуск двигателей внутреннего сгорания
F02P|22|Зажигание в двигателях внутреннего сгорания, работающих без самовоспламенения от сжатия; проверка момента зажигания в двигателях с самовоспламенением от сжатия
F03||Гидравлические машины и двигатели
F03B|22|Гидравлические машины и двигатели непоршневого типа
F03C|22|Гидравлические двигатели объемного вытеснения
F03D|22|Ветряные двигатели
F03G|22|Пружинные, гравитационные, инерционные и другие аналогичные двигатели; устройства и механизмы для получения механической энергии
F03H|22|Особые способы и устройства для создания реактивной тяги, не отнесенные к другим подклассам
F04||Гидравлические машины объемного вытеснения; насосы для жидкостей или для сжимаемых текучих сред
F04B|22|Гидравлические машины объемного вытеснения; насосы и компрессоры
F04C|22|Гидравлические машины объемного вытеснения с вращающимися или качающимися рабочими органами
F04D|22|Насосы и компрессоры необъемного вытеснения
F04F|22|Нагнетание текучей среды путем непосредственного контакта с другой текучей средой или путем использования инерции нагнетаемой среды
F15||Гидравлические и пневматические исполнительные механизмы; пневмогидравлические системы общего назначения
F15B|22|Пневмогидравлические системы общего назначения; гидравлические и пневматические исполнительные механизмы, например сервомеханизмы; конструктивные элементы и принадлежности пневмогидравлических систем
F15C|22|Элементы пневматических и гидравлических цепей, предназначенные в основном для вычислительных машин или систем управления и регулирования
F15D|22|Средства воздействия на поток текучей среды
F16||Узлы и детали машин; общие способы и устройства, обеспечивающие нормальную эксплуатацию машин и установок; теплоизоляция вообще
F16B|23|Устройства и детали для закрепления и соединения конструктивных элементов или деталей машин, например гвозди, болты, пружинные кольца, клинья, шпонки, зажимы, обоймы, муфты, замковые соединения
F16C|23|Валы; гибкие валы; детали кривошипных механизмов; вращающиеся детали, не являющиеся частями приводных механизмов; подшипники
F16D|23|Невыключаемые муфты для передачи вращательного движения; выключаемые муфты; тормоза
F16F|23|Пружины; рессоры; амортизаторы; средства для гашения колебаний
F16G|23|Приводные ремни, тросы, канаты; цепи; соединители для них
F16H|23|Передачи
F16J|23|Поршни; цилиндры; сосуды высокого давления вообще; уплотнения
F16K|23|Клапаны; краны; задвижки; поплавки для приведения их в действие; вентиляционные устройства или устройства для аэрации
F16L|23|Трубы и шланги; соединения или фитинги для труб и шлангов; опоры для закрепления труб, шлангов, кабелей или защитных кожухов; средства для теплоизоляции
F16M|23|Рамы; станины и картеры двигателей и других машин, не характерные только для определенных типов двигателей, машин или устройств; опоры или подставки
F16N|23|Смазка
F16P|23|Предохранительные устройства общего назначения
F16S|23|Конструктивные элементы, сборные конструкции, состоящие из этих элементов
F16T|23|Водоотводчики, конденсационные горшки и т.п. устройства для удаления жидкости из замкнутых полостей, содержащих в основном газы или пары
F17||Хранение или распределение газов или жидкостей
F17B|23|Газгольдеры переменной емкости
F17C|23|Сосуды для помещения или хранения газов в сжатом, сжиженном или твердом состоянии; газгольдеры постоянной емкости; наполнение сосудов газами в сжатом, сжиженном или твердом состоянии или выпуск их из сосудов
F17D|23|Системы трубопроводов; трубопроводы
F21||Освещение
F21H|24|Газокалильные сетки; прочие тела накаливания, использующие теплоту сгорания
F21K|24|Источники света
F21L|24|Переносные электроосветительные устройства
F21M|24|Непереносные осветительные устройства или системы с направленным лучом
F21P|24|Непереносные устройства или системы для прожекторного освещения зданий, фонтанов, сцен и для иллюминации
F21Q|24|Непереносные сигнальные осветительные устройства
F21S|24|Непереносные осветительные устройства или системы
F21V|24|Конструктивные элементы осветительных устройств, имеющие общее применение
F22||Генерирование пара
F22B|24|Способы генерирования пара; паровые котлы
F22D|24|Подогрев или аккумулирование подогретой питательной воды; подача воды; регулирование уровня воды; циркуляция воды внутри паровых котлов
F22G|24|Перегрев пара
F23||Способы и устройства для сжигания топлива
F23B|24|Устройства для сжигания твердого топлива
F23C|24|Устройства для сжигания жидкого, газообразного и пылевидного топлива
F23D|24|Горелки, форсунки
F23G|24|Кремационные печи; уничтожение отходов сжиганием
F23H|24|Колосниковые решетки; очистка или шуровка колосниковых решеток
F23J|24|Удаление или переработка продуктов сгорания, в том числе очаговых остатков; дымоходы
F23K|24|Подача топлива к устройствам для сжигания
F23L|24|Устройства для подвода воздуха; устройства для создания тяги; устройства для подачи негорючих жидкостей или газов
F23M|24|Конструктивные элементы камер сгорания
F23N|24|Контроль и регулирование процессов горения
F23Q|24|Зажигание
F23R|24|Получение продуктов сгорания высокого давления или высокой скорости, например камеры сгорания газовых турбин
F24||Отопление; вентиляция; печи и плиты
F24B|24|Бытовые печи или кухонные плиты для твердого топлива; принадлежности для бытовых печей или кухонных плит
F24C|24|Прочие бытовые печи или плиты; детали бытовых печей или плит, имеющие общее применение
F24D|24|Системы отопления для жилых и других зданий, например системы центрального отопления; системы горячего водоснабжения жилых зданий; элементы или узлы таких систем
F24F|24|Кондиционирование воздуха; увлажнение воздуха; вентиляция; использование воздушных потоков для экранирования
F24H|24|Нагреватели текучей среды, например водо- или воздухонагреватели, имеющие средства получения тепла вообще
F24J|24|Получение или использование тепла
F25||Холодильная или морозильная техника; комбинированные системы для нагрева и охлаждения; системы с тепловыми насосами; производство или хранение льда; сжижение или отверждение газов
F25B|24|Холодильные машины, установки или системы; комбинированные системы для нагрева и охлаждения; системы с тепловыми насосами
F25C|24|Производство, обработка, накопление или распределение льда
F25D|24|Холодильники; холодильные камеры; ледники; устройства для охлаждения или замораживания
F25J|24|Сжижение, отверждение или разделение газов или их смесей посредством давления или обработки холодом
F26||Сушка
F26B|24|Сушка твердых материалов или предметов путем удаления из них влаги
F27||Нагревательные, обжиговые, плавильные и ретортные печи
F27B|24|Нагревательные, обжиговые, плавильные, ретортные печи и печи вообще; агломерационные и аналогичные им устройства
F27D|24|Конструктивные элементы и оборудование нагревательных, обжиговых, плавильных и ретортных печей, используемые более чем в одном типе печей
F28||Теплообмен вообще
F28B|24|Конденсаторы для водяного пара или других паров
F28C|24|Теплообменные аппараты
F28D|24|Теплообменные аппараты, не отнесенные к другим подклассам
F28F|24|Элементы теплообменных или теплопередающих устройств общего назначения
F28G|24|Очистка внутренних и внешних поверхностей теплообменных или теплопередающих каналов, например испарительных труб котлов
F41||Оружие
F41A|25|Функциональные особенности или конструктивные элементы, общие для стрелкового оружия и артиллерийских орудий, например пушек; опоры или станки для стрелкового оружия или артиллерийских орудий
F41B|25|Оружие для метания снарядов без применения взрывчатого или горючего метательного заряда; виды оружия
F41C|25|Стрелковое оружие, например пистолеты, винтовки, т.е. огнестрельное оружие, удерживаемое одной или двумя руками при стрельбе
F41F|25|Устройства для метания или пуска снарядов или ракет из стволов, например артиллерийские установки
F41G|25|Прицельные приспособления; наведение
F41H|25|Броневые конструкции; бронебашни; бронированные машины; средства наступления или обороны, например маскировка вообще
F41J|25|Мишени; стрельбища; полигоны; пулеуловители
F42||Боеприпасы; взрывные работы
F42B|25|Заряды, например для взрывных работ; пиротехника; боеприпасы
F42C|25|Взрыватели боеприпасов
F42D|25|Взрывные работы
G||Физика
G01||Измерение
G01B|26|Измерение длины, толщины или подобных линейных размеров; измерение углов; измерение площадей; измерение неровностей поверхностей или контуров
G01C|26|Измерение расстояний, уровней и азимутов для целей топографии или навигации; гироскопические приборы; фотограмметрия
G01D|26|Измерения, специально не предназначенные для измерения особых переменных величин; устройства или приборы для измерения двух или более переменных величин
G01F|26|Измерение объема, объемного расхода, массового расхода или уровня жидкости; измерение объема дозами
G01G|26|Взвешивание
G01H|26|Измерение механических колебаний или ультразвуковых, звуковых или инфразвуковых колебаний
G01J|26|Измерение интенсивности, скорости или спектрального состава, поляризации, фазы или импульсных характеристик инфракрасных, видимых или ультрафиолетовых лучей; колориметрия; радиационная пирометрия
G01K|26|Измерение температуры; измерение количества тепла; термочувствительные элементы
G01L|26|Измерение сил, механического напряжения, крутящего момента, работы, механической энергии, механического коэффициента полезного действия
G01M|26|Проверка статической и динамической балансировки машин; испытания различных конструкций или устройств
G01N|26|Исследование или анализ материалов путем определения их химических или физических свойств
G01P|26|Измерение линейной или угловой скорости, ускорения, замедления или силы ударов
G01R|26|Измерение электрических и магнитных величин
G01S|26|Радиопеленгация; радионавигация; измерение расстояния или скорости с использованием радиоволн; определение местоположения или обнаружение объектов с использованием отражения или переизлучения радиоволн; аналогичные системы с использованием других видов во
G01T|26|Измерение ядерных излучений и рентгеновских лучей
G01V|26|Геофизика; гравитационные измерения; обнаружение скрытых масс или объектов; кабельные наконечники
G01W|26|Метеорология
G02||Оптика
G02B|26|Оптические элементы, системы и приборы
G02C|26|Очки; солнечные или защитные очки с оптическими стеклами
G02F|26|Приборы или устройства для управления интенсивностью, цветом, фазой, поляризацией или направлением света, оптические функции, которые изменяются при изменении оптических свойств среды в этих приборах или устройствах, например для переключения, стробирован
G03||Фотография; кинематография; аналогичное оборудование, использующее волны иные, чем оптические; электрография; голография
G03B|26|Аппараты или устройства для получения фотоснимков или для их проецирования или просмотра; аппараты или устройства, в которых применяется аналогичная техника с использованием волн иных, чем оптические волны; принадлежности для них
G03C|26|Светочувствительные материалы для фотографических целей
G03D|26|Устройства для обработки экспонированных фотоматериалов
G03F|26|Фотомеханическое изготовление рельефных поверхностей или поверхностей с рисунком, например для печати, для изготовления полупроводниковых приборов; материалы для этих целей; оригиналы для этих целей; устройства, специально приспособленные для этих целей
G03G|26|Электрография; электрофотография; магнитография
G03H|26|Способы и устройства для голографии
G04||Часы и прочие измерители времени
G04B|27|Часы механические; механические элементы часов; вообще приборы для определения времени по солнцу, луне или звездам
G04C|27|Электрические часы
G04F|27|Измерение интервалов времени
G04G|27|Электронные часы
G05||Управление; регулирование
G05B|27|Регулирующие и управляющие системы общего назначения; функциональные элементы таких систем; устройства для контроля или испытания таких систем или элементов
G05D|27|Системы управления или регулирования неэлектрических величин
G05F|27|Системы регулирования электрических или магнитных величин
G05G|27|Механические устройства систем управления и регулирования
G06||Вычисление; счет
G06D|27|Гидравлические и пневматические цифровые вычислительные устройства
G06E|27|Оптические вычислительные устройства
G06F|27|Обработка цифровых данных при помощи электрических устройств
G06G|27|Аналоговые вычислительные машины
G06J|27|Гибридные вычислительные устройства
G06K|27|Распознавание, представление и воспроизведение данных; манипулирование носителями информации; носители информации
G06M|27|Счетчики; способы и устройства для подсчета предметов
G06N|27|Компьютерные системы,основанные на специфических вычислительных моделях
G06T|27|Обработка или генерация данных изображения, вообще
G07||Контрольные устройства
G07B|27|Устройства для печатания и выдачи билетов; устройства для контроля оплаты за проезд; устройства для франкирования
G07C|27|Устройства для регистрации времени прихода и ухода рабочих и служащих; устройства для контроля и регистрации работы машин; способы и устройства для генерирования произвольных чисел; устройства для голосования и лотерейные устройства; системы или устройств
G07D|27|Сортировка, контроль, размен, выдача и прочие операции с монетами; контроль или размен бумажных денег; контроль ценных бумаг, облигаций или подобных денежных документов
G07F|27|Монетные и подобные им автоматы
G07G|27|Регистрация приема денег, ценностей или знаков
G08||Сигнализация
G08B|27|Сигнальные и вызывные устройства; командные телеграфные аппараты; устройства подачи сигналов тревоги
G08C|27|Системы для передачи измеряемых переменных величин, управляющих или подобных сигналов
G08G|27|Системы регулирования движения транспортных средств
G09||Средства обучения; тайнопись; дисплеи; рекламное и выставочное дело; печати и опечатывание
G09B|28|Учебные и наглядные пособия для обучения или общения со слепыми, глухими или немыми; макеты; планетарии; глобусы; карты; диаграммы
G09C|28|Шифровальные или дешифровальные устройства для тайнописи или других целей, связанных с секретной перепиской
G09D|28|Таблицы расписания поездов и стоимости проезда; вечные календари
G09F|28|Рекламное и выставочное дело; вывески; бирки, ярлыки или пластинки с заводской маркой; печати
G09G|28|Схемы или устройства управления индикаторными приборами с использованием статических средств для представления переменных величин
G10||Музыкальные инструменты; акустика
G10C|28|Фортепьяно
G10D|28|Музыкальные инструменты
G10F|28|Автоматические музыкальные инструменты
G10G|28|Вспомогательные устройства для игры на музыкальных инструментах (метрономы •G 04 F 5/02·; обучение музыке •G 09 B 15/00·)
G10H|28|Электрические музыкальные инструменты
G10K|28|Звукошумовые устройства
G10L|28|Анализирование или синтезирование речи; распознавание речи
G11||Накопление информации
G11B|28|Накопление информации, основанное на относительном перемещении носителя записи и преобразователя
G11C|28|Запоминающие устройства статического типа
G12||Конструктивные элементы приборов
G12B|28|Конструктивные элементы приборов
G21||Ядерная физика, ядерная техника
G21B|29|Реакторы для ядерного синтеза
F21W|24|Схема кодирования, связанная с подклассами F 21L, F 21S и F 21V, и относящаяся к использованию осветительных устройств или систем
G21C|29|Ядерные реакторы
G21D|29|Ядерные энергетические установки
G21F|29|Защита от рентгеновского излучения, гамма-излучения, корпускулярного излучения, бомбардировки частицами; обработка материалов с радиоактивным заражением; устройства для устранения радиоактивного заражения таких материалов
G21G|29|Преобразование химических элементов; источники радиоактивности
G21H|29|Получение энергии от радиоактивных источников; применение излучения радиоактивных источников; использование космического излучения
G21J|29|Ядерные взрывчатые вещества и их использование
G21K|29|Способы и устройства для управления потоками частиц или электромагнитным излучением, не вошедшие в другие подклассы; рентгеновские и гамма-микроскопы
H||Электричество
H01||Основные элементы электрического оборудования
H01B|30|Кабели; проводники; изоляторы; выбор материалов для получения требуемых характеристик электрической проводимости, изоляции и диэлектрической постоянной
H01C|30|Резисторы
H01F|30|Магниты; индуктивности; трансформаторы; выбор материалов, обеспечивающих магнитные свойства
H01G|30|Конденсаторы; конденсаторы, выпрямители тока, детекторы, переключатели, светочувствительные или термочувствительные устройства электролитического типа
H01H|30|Электрические переключатели
H01J|30|Электрические газоразрядные и вакуумные электронные приборы и газоразрядные осветительные лампы
H01K|30|Электрические лампы накаливания
H01L|30|Полупроводниковые приборы; электрические приборы на твердом теле
H01M|30|Способы и устройства, например батареи, для непосредственного преобразования химической энергии в электрическую
H01P|30|Волноводы; резонаторы, линии или другие устройства типа волноводов
H01Q|30|Антенны
H01R|30|Линейные соединители; токосъемники
H01S|30|Устройства со стимулированным излучением
H01T|30|Искровые разрядники; предохранители от перенапряжений; свечи зажигания; устройства для получения коронного разряда; генерирование ионов для введения в незамкнутые газовые пространства
H02||Производство, преобразование и распределение электрической энергии
H02B|30|Щиты, подстанции и распределительные устройства для подвода и распределения электрической энергии
H02G|30|Прокладка кабелей и проводка линий электропередачи или комбинированных оптических и электрических кабелей или линий
H02H|30|Схемы защиты электрических линий, машин и приборов
H02J|30|Схемы или системы питания электросетей и распределения электрической энергии; системы накопления электрической энергии
H02K|30|Электрические машины
H02M|30|Устройства для преобразования переменного тока в переменный, переменного тока в постоянный и наоборот, постоянного тока в постоянный или предназначенные для использования в электросетях или аналогичных системах энергоснабжения; преобразование входной энер
H02N|30|Электрические генераторы и двигатели особых типов
H02P|30|Управление или регулирование электрических двигателей, генераторов, электромашинных преобразователей; управление трансформаторами, реакторами или дроссельными катушками
H03||Электронные схемы общего назначения
H03B|31|Генерирование электрических колебаний; непосредственное или посредством изменения частоты; с использованием схем с активными элементами, работающими не в режиме коммутации (переключения); генерирование шумов при помощи таких схем
H03C|31|Способы и устройства для модуляции
H03D|31|Способы и устройства для демодуляции или переноса модулированного сигнала с одной несущей на другую
H03F|31|Усилители
H03G|31|Регулирование усиления
H03H|31|Цепи полного (активного и реактивного) сопротивления, например резонансные контуры; резонаторы
H03J|31|Настройка резонансных контуров; избирательность резонансных контуров
H03K|31|Импульсная техника
H03L|31|Автоматическое управление, запуск, синхронизация и стабилизация генераторов электронных колебаний или импульсов
H03M|31|Кодирование; декодирование или преобразование кода вообще
H04||Техника электрической связи
H04B|31|Передача сигналов
H04H|31|Радиовещание
H04J|31|Многоканальные системы связи
H04K|31|Секретная связь; создание искусственных помех
H04L|31|Передача дискретной информации, например телеграфная связь
H04M|31|Телефонная связь
H04N|31|Передача изображений, например телевидение
H04Q|31|Избирательные устройства
H04R|31|Громкоговорители, микрофоны, адаптеры или аналогичные электромеханические преобразователи звука; слуховые аппараты; звукоусилительные устройства
H04S|31|Стереофонические системы
H05||Специальные области электротехники
H05B|30|Электрический нагрев; устройства электрического освещения
H05C|30|Электрические схемы или устройства, специально предназначенные для использовании в оборудовании для убоя, оглушения или загона живых существ
H05F|30|Статическое электричество; источники природного электричества
H05G|30|Рентгенотехника
H05H|30|Плазменная техника
H05K|30|Печатные схемы; корпусы или конструктивные элементы электрических приборов; изготовление блоков элементов электрической аппаратуры
B29K|08|Схема кодирования формовочных материалов или материалов для армирующих элементов, наполнителей или предварительно сформованных частей, например вставок, относящихся к подклассам B29B,B29Cили B29D
B41G|09|Устройства для бронзирования, линования, окаймления или оформления краев листов и т.п.; вспомогательные устройства для перфорирования в процессе печатания
C13G|16|Выпарные аппараты; варочные котлы
G04D|27|Станки, приборы и инструменты для часового производства
G06C|27|Механические цифровые вычислительные машины
G10B|28|Органы; фисгармонии
A61Q|04|Использование косметических или подобных туалетных средств
B60W|10|Системы управления дорожными транспортными средствами, иные чем управление отдельным узлом, например системы, использующие комбинированное управление узлами транспортного средства
G06Q|27|Системы обработки данных или способы, специально предназначенные для административных, коммерческих, финансовых, управленческих, надзорных или прогностических целей; системы или способы, специально предназначенные для административных, коммерческих, финан
A01P|01|Биоцидная, репеллентная, аттрактантная или регулирующая рост растений активность химических соединений или препаратов [8]
F21Y|24|Схема кодирования, связанная с подклассами F 21L, F 21S и F 21V, и относящаяся к форме источников света [7]
B82Y|06|Специфическое использование нано-структур; измерение или анализ нано-структур; производство или обработка нано-структур [2011.01]
C22K|17|Схема индексирования, связанная с подклассами C21D, C22C или C22F, относящаяся к изменению физических характеристик сплавов [6]
C40|17|Комбинаторная химия; библиотеки [8]
C40B|17|Комбинаторная химия; библиотеки, например химические, виртуальные (in silico) [8]
H02S|30|Генерирование электрической энергии путём преобразования инфракрасного излучения, видимого света или ультрафиолетового света, например с использованием фотоэлектрических [PV] модулей (солнечные тепловые коллекторы
F24J||2/00; получение электрической энергии
